<?xml version="1.0" encoding="UTF-8" standalone="no"?>
<registration_data version="1.0">
   <environment>
      <hostname>msa-linux-200.msc.az.boeing.com</hostname>
      <hostId>33860b0f</hostId>
      <osName>Linux</osName>
      <osVersion>2.6.18-1.2239.fc5smp</osVersion>
      <osArchitecture>i386</osArchitecture>
      <systemModel>i386</systemModel>
      <systemManufacturer>dell computer corporation</systemManufacturer>
      <cpuManufacturer>GenuineIntel</cpuManufacturer>
      <serialNumber>2f88m81</serialNumber>
   </environment>
   <registry urn="urn:st:078b3f5b-bdb4-4d67-92af-e74e42f282e3" version="1.0">
      <service_tag>
         <instance_urn>urn:st:60e4da12-2dcf-4354-a1bf-9a59476f9adb</instance_urn>
         <product_name>Java SE 6 Development Kit</product_name>
         <product_version>1.6.0_16</product_version>
         <product_urn>urn:uuid:b58ef9a8-5ae8-11db-a023-080020a9ed93</product_urn>
         <product_parent_urn>urn:uuid:fdc90b21-018d-4cab-b866-612c7c119ed3</product_parent_urn>
         <product_parent>Java Platform Standard Edition 6 (Java SE 6)</product_parent>
         <product_defined_inst_id>id=1.6.0_16-b01 i386,dir=/usr/java/jdk1.6.0_16/jre</product_defined_inst_id>
         <product_vendor>Sun Microsystems</product_vendor>
         <platform_arch>i386</platform_arch>
         <timestamp>2009-10-06 16:42:12 GMT</timestamp>
         <container>global</container>
         <source>jdk</source>
         <installer_uid>-1</installer_uid>
      </service_tag>
   </registry>
</registration_data>
